No,質問候補,話題,棚,言語,法務チェック,要注意,状態,3ソース確認日,担当
1,What should I know about taking shoes off indoors in Japan?,taking shoes off indoors,wisdom,en,,,未確認,,
2,What should I know about the genkan in Japan?,the genkan,wisdom,en,,,未確認,,
3,What should I know about tatami in Japan?,tatami,wisdom,en,,,未確認,,
4,What should I know about futon airing in Japan?,futon airing,wisdom,en,,,未確認,,
5,What should I know about seasonal bedding in Japan?,seasonal bedding,wisdom,en,,,未確認,,
6,What should I know about sliding doors in Japan?,sliding doors,wisdom,en,,,未確認,,
7,What should I know about small apartments in Japan?,small apartments,wisdom,en,,,未確認,,
8,What should I know about storage in narrow spaces in Japan?,storage in narrow spaces,wisdom,en,,,未確認,,
9,What should I know about under-bed storage in Japan?,under-bed storage,wisdom,en,,,未確認,,
10,What should I know about the gap beside the fridge in Japan?,the gap beside the fridge,wisdom,en,,,未確認,,
11,What should I know about vertical storage in Japan?,vertical storage,wisdom,en,,,未確認,,
12,What should I know about seasonal clothing rotation in Japan?,seasonal clothing rotation,wisdom,en,,,未確認,,
13,What should I know about refill packs in Japan?,refill packs,wisdom,en,,,未確認,,
14,What should I know about reusable cloth in Japan?,reusable cloth,wisdom,en,,,未確認,,
15,What should I know about furoshiki in Japan?,furoshiki,wisdom,en,,,未確認,,
16,What should I know about tenugui in Japan?,tenugui,wisdom,en,,,未確認,,
17,What should I know about bento boxes in Japan?,bento boxes,wisdom,en,,,未確認,,
18,What should I know about chopstick rests in Japan?,chopstick rests,wisdom,en,,,未確認,,
19,What should I know about single-purpose kitchen tools in Japan?,single-purpose kitchen tools,wisdom,en,,,未確認,,
20,What should I know about drying racks in Japan?,drying racks,wisdom,en,,,未確認,,
21,What should I know about laundry poles in Japan?,laundry poles,wisdom,en,,,未確認,,
22,What should I know about indoor drying in Japan?,indoor drying,wisdom,en,,,未確認,,
23,What should I know about dehumidifiers in Japan?,dehumidifiers,wisdom,en,,,未確認,,
24,What should I know about the rainy season in Japan?,the rainy season,wisdom,en,,,未確認,,
25,What should I know about mould prevention in Japan?,mould prevention,wisdom,en,,制度・安全,未確認,,
26,What should I know about ventilation habits in Japan?,ventilation habits,wisdom,en,,,未確認,,
27,What should I know about cleaning order in Japan?,cleaning order,wisdom,en,,制度・安全,未確認,,
28,What should I know about cleaning cloths in Japan?,cleaning cloths,wisdom,en,,制度・安全,未確認,,
29,What should I know about newspaper for windows in Japan?,newspaper for windows,wisdom,en,,,未確認,,
30,What should I know about baking soda in Japan?,baking soda,wisdom,en,,,未確認,,
31,What should I know about citric acid in Japan?,citric acid,wisdom,en,,,未確認,,
32,What should I know about the year-end clean in Japan?,the year-end clean,wisdom,en,,,未確認,,
33,What should I know about daily tidying in Japan?,daily tidying,wisdom,en,,,未確認,,
34,What should I know about the entrance mat in Japan?,the entrance mat,wisdom,en,,,未確認,,
35,What should I know about shoe cabinets in Japan?,shoe cabinets,wisdom,en,,,未確認,,
36,What should I know about umbrella care in Japan?,umbrella care,wisdom,en,,,未確認,,
37,What should I know about seasonal food in Japan?,seasonal food,wisdom,en,,,未確認,,
38,What should I know about the concept of shun in Japan?,the concept of shun,wisdom,en,,,未確認,,
39,What should I know about dashi in Japan?,dashi,wisdom,en,,,未確認,,
40,What should I know about fermentation in Japan?,fermentation,wisdom,en,,,未確認,,
41,What should I know about pickling in Japan?,pickling,wisdom,en,,,未確認,,
42,What should I know about rice storage in Japan?,rice storage,wisdom,en,,,未確認,,
43,What should I know about tea culture in Japan?,tea culture,wisdom,en,,,未確認,,
44,What should I know about hot and cold drinks by season in Japan?,hot and cold drinks by season,wisdom,en,,,未確認,,
45,What should I know about hand towels in Japan?,hand towels,wisdom,en,,,未確認,,
46,What should I know about wet towels at restaurants in Japan?,wet towels at restaurants,wisdom,en,,,未確認,,
47,What should I know about gift-giving customs in Japan?,gift-giving customs,wisdom,en,,制度・安全,未確認,,
48,What should I know about packaging in Japan?,packaging,wisdom,en,,,未確認,,
49,What should I know about seasonal greetings in Japan?,seasonal greetings,wisdom,en,,,未確認,,
50,What should I know about the new year in Japan?,the new year,wisdom,en,,,未確認,,
51,What should I know about festivals in Japan?,festivals,wisdom,en,,,未確認,,
52,What should I know about kotatsu in Japan?,kotatsu,wisdom,en,,,未確認,,
53,What should I know about heated carpets in Japan?,heated carpets,wisdom,en,,,未確認,,
54,What should I know about hot water bottles in Japan?,hot water bottles,wisdom,en,,,未確認,,
55,What should I know about layering clothes in Japan?,layering clothes,wisdom,en,,,未確認,,
56,What should I know about cooling towels in Japan?,cooling towels,wisdom,en,,,未確認,,
57,What should I know about summer heat habits in Japan?,summer heat habits,wisdom,en,,,未確認,,
58,What should I know about insect prevention in Japan?,insect prevention,wisdom,en,,制度・安全,未確認,,
59,What should I know about plants indoors in Japan?,plants indoors,wisdom,en,,,未確認,,
60,What should I know about balcony gardening in Japan?,balcony gardening,wisdom,en,,,未確認,,
61,What should I know about waste separation in Japan?,waste separation,wisdom,en,,制度・安全,未確認,,
62,What should I know about local rules in Japan?,local rules,wisdom,en,,,未確認,,
63,What should I know about community boards in Japan?,community boards,wisdom,en,,,未確認,,
64,What should I know about neighbourhood etiquette in Japan?,neighbourhood etiquette,wisdom,en,,,未確認,,
65,What should I know about noise consideration in Japan?,noise consideration,wisdom,en,,,未確認,,
66,What should I know about earthquake preparation in Japan?,earthquake preparation,wisdom,en,,制度・安全,未確認,,
67,What should I know about emergency bags in Japan?,emergency bags,wisdom,en,,制度・安全,未確認,,
68,What should I know about water storage in Japan?,water storage,wisdom,en,,,未確認,,
69,What should I know about torches and radios in Japan?,torches and radios,wisdom,en,,,未確認,,
70,What should I know about first aid at home in Japan?,first aid at home,wisdom,en,必須,,未確認,,
71,What should I know about stockpiling food in Japan?,stockpiling food,wisdom,en,,,未確認,,
72,What should I know about rotating supplies in Japan?,rotating supplies,wisdom,en,,,未確認,,
73,What should I know about reading a Japanese label in Japan?,reading a Japanese label,wisdom,en,,,未確認,,
74,What should I know about product lot numbers in Japan?,product lot numbers,wisdom,en,,,未確認,,
75,What should I know about warranty culture in Japan?,warranty culture,wisdom,en,,,未確認,,
76,What should I know about repair over replace in Japan?,repair over replace,wisdom,en,,,未確認,,
77,How does taking shoes off indoors work in Japan?,taking shoes off indoors,wisdom,en,,,未確認,,
78,How does the genkan work in Japan?,the genkan,wisdom,en,,,未確認,,
79,How does tatami work in Japan?,tatami,wisdom,en,,,未確認,,
80,How does futon airing work in Japan?,futon airing,wisdom,en,,,未確認,,
81,How does seasonal bedding work in Japan?,seasonal bedding,wisdom,en,,,未確認,,
82,How does sliding doors work in Japan?,sliding doors,wisdom,en,,,未確認,,
83,How does small apartments work in Japan?,small apartments,wisdom,en,,,未確認,,
84,How does storage in narrow spaces work in Japan?,storage in narrow spaces,wisdom,en,,,未確認,,
85,How does under-bed storage work in Japan?,under-bed storage,wisdom,en,,,未確認,,
86,How does the gap beside the fridge work in Japan?,the gap beside the fridge,wisdom,en,,,未確認,,
87,How does vertical storage work in Japan?,vertical storage,wisdom,en,,,未確認,,
88,How does seasonal clothing rotation work in Japan?,seasonal clothing rotation,wisdom,en,,,未確認,,
89,How does refill packs work in Japan?,refill packs,wisdom,en,,,未確認,,
90,How does reusable cloth work in Japan?,reusable cloth,wisdom,en,,,未確認,,
91,How does furoshiki work in Japan?,furoshiki,wisdom,en,,,未確認,,
92,How does tenugui work in Japan?,tenugui,wisdom,en,,,未確認,,
93,How does bento boxes work in Japan?,bento boxes,wisdom,en,,,未確認,,
94,How does chopstick rests work in Japan?,chopstick rests,wisdom,en,,,未確認,,
95,How does single-purpose kitchen tools work in Japan?,single-purpose kitchen tools,wisdom,en,,,未確認,,
96,How does drying racks work in Japan?,drying racks,wisdom,en,,,未確認,,
97,How does laundry poles work in Japan?,laundry poles,wisdom,en,,,未確認,,
98,How does indoor drying work in Japan?,indoor drying,wisdom,en,,,未確認,,
99,How does dehumidifiers work in Japan?,dehumidifiers,wisdom,en,,,未確認,,
100,How does the rainy season work in Japan?,the rainy season,wisdom,en,,,未確認,,
101,How does mould prevention work in Japan?,mould prevention,wisdom,en,,制度・安全,未確認,,
102,How does ventilation habits work in Japan?,ventilation habits,wisdom,en,,,未確認,,
103,How does cleaning order work in Japan?,cleaning order,wisdom,en,,制度・安全,未確認,,
104,How does cleaning cloths work in Japan?,cleaning cloths,wisdom,en,,制度・安全,未確認,,
105,How does newspaper for windows work in Japan?,newspaper for windows,wisdom,en,,,未確認,,
106,How does baking soda work in Japan?,baking soda,wisdom,en,,,未確認,,
107,How does citric acid work in Japan?,citric acid,wisdom,en,,,未確認,,
108,How does the year-end clean work in Japan?,the year-end clean,wisdom,en,,,未確認,,
109,How does daily tidying work in Japan?,daily tidying,wisdom,en,,,未確認,,
110,How does the entrance mat work in Japan?,the entrance mat,wisdom,en,,,未確認,,
111,How does shoe cabinets work in Japan?,shoe cabinets,wisdom,en,,,未確認,,
112,How does umbrella care work in Japan?,umbrella care,wisdom,en,,,未確認,,
113,How does seasonal food work in Japan?,seasonal food,wisdom,en,,,未確認,,
114,How does the concept of shun work in Japan?,the concept of shun,wisdom,en,,,未確認,,
115,How does dashi work in Japan?,dashi,wisdom,en,,,未確認,,
116,How does fermentation work in Japan?,fermentation,wisdom,en,,,未確認,,
117,How does pickling work in Japan?,pickling,wisdom,en,,,未確認,,
118,How does rice storage work in Japan?,rice storage,wisdom,en,,,未確認,,
119,How does tea culture work in Japan?,tea culture,wisdom,en,,,未確認,,
120,How does hot and cold drinks by season work in Japan?,hot and cold drinks by season,wisdom,en,,,未確認,,
121,How does hand towels work in Japan?,hand towels,wisdom,en,,,未確認,,
122,How does wet towels at restaurants work in Japan?,wet towels at restaurants,wisdom,en,,,未確認,,
123,How does gift-giving customs work in Japan?,gift-giving customs,wisdom,en,,制度・安全,未確認,,
124,How does packaging work in Japan?,packaging,wisdom,en,,,未確認,,
125,How does seasonal greetings work in Japan?,seasonal greetings,wisdom,en,,,未確認,,
126,How does the new year work in Japan?,the new year,wisdom,en,,,未確認,,
127,How does festivals work in Japan?,festivals,wisdom,en,,,未確認,,
128,How does kotatsu work in Japan?,kotatsu,wisdom,en,,,未確認,,
129,How does heated carpets work in Japan?,heated carpets,wisdom,en,,,未確認,,
130,How does hot water bottles work in Japan?,hot water bottles,wisdom,en,,,未確認,,
131,How does layering clothes work in Japan?,layering clothes,wisdom,en,,,未確認,,
132,How does cooling towels work in Japan?,cooling towels,wisdom,en,,,未確認,,
133,How does summer heat habits work in Japan?,summer heat habits,wisdom,en,,,未確認,,
134,How does insect prevention work in Japan?,insect prevention,wisdom,en,,制度・安全,未確認,,
135,How does plants indoors work in Japan?,plants indoors,wisdom,en,,,未確認,,
136,How does balcony gardening work in Japan?,balcony gardening,wisdom,en,,,未確認,,
137,How does waste separation work in Japan?,waste separation,wisdom,en,,制度・安全,未確認,,
138,How does local rules work in Japan?,local rules,wisdom,en,,,未確認,,
139,How does community boards work in Japan?,community boards,wisdom,en,,,未確認,,
140,How does neighbourhood etiquette work in Japan?,neighbourhood etiquette,wisdom,en,,,未確認,,
141,How does noise consideration work in Japan?,noise consideration,wisdom,en,,,未確認,,
142,How does earthquake preparation work in Japan?,earthquake preparation,wisdom,en,,制度・安全,未確認,,
143,How does emergency bags work in Japan?,emergency bags,wisdom,en,,制度・安全,未確認,,
144,How does water storage work in Japan?,water storage,wisdom,en,,,未確認,,
145,How does torches and radios work in Japan?,torches and radios,wisdom,en,,,未確認,,
146,How does first aid at home work in Japan?,first aid at home,wisdom,en,必須,,未確認,,
147,How does stockpiling food work in Japan?,stockpiling food,wisdom,en,,,未確認,,
148,How does rotating supplies work in Japan?,rotating supplies,wisdom,en,,,未確認,,
149,How does reading a Japanese label work in Japan?,reading a Japanese label,wisdom,en,,,未確認,,
150,How does product lot numbers work in Japan?,product lot numbers,wisdom,en,,,未確認,,
151,How does warranty culture work in Japan?,warranty culture,wisdom,en,,,未確認,,
152,How does repair over replace work in Japan?,repair over replace,wisdom,en,,,未確認,,
153,Why is taking shoes off indoors different in Japan?,taking shoes off indoors,wisdom,en,,,未確認,,
154,Why is the genkan different in Japan?,the genkan,wisdom,en,,,未確認,,
155,Why is tatami different in Japan?,tatami,wisdom,en,,,未確認,,
156,Why is futon airing different in Japan?,futon airing,wisdom,en,,,未確認,,
157,Why is seasonal bedding different in Japan?,seasonal bedding,wisdom,en,,,未確認,,
158,Why is sliding doors different in Japan?,sliding doors,wisdom,en,,,未確認,,
159,Why is small apartments different in Japan?,small apartments,wisdom,en,,,未確認,,
160,Why is storage in narrow spaces different in Japan?,storage in narrow spaces,wisdom,en,,,未確認,,
161,Why is under-bed storage different in Japan?,under-bed storage,wisdom,en,,,未確認,,
162,Why is the gap beside the fridge different in Japan?,the gap beside the fridge,wisdom,en,,,未確認,,
163,Why is vertical storage different in Japan?,vertical storage,wisdom,en,,,未確認,,
164,Why is seasonal clothing rotation different in Japan?,seasonal clothing rotation,wisdom,en,,,未確認,,
165,Why is refill packs different in Japan?,refill packs,wisdom,en,,,未確認,,
166,Why is reusable cloth different in Japan?,reusable cloth,wisdom,en,,,未確認,,
167,Why is furoshiki different in Japan?,furoshiki,wisdom,en,,,未確認,,
168,Why is tenugui different in Japan?,tenugui,wisdom,en,,,未確認,,
169,Why is bento boxes different in Japan?,bento boxes,wisdom,en,,,未確認,,
170,Why is chopstick rests different in Japan?,chopstick rests,wisdom,en,,,未確認,,
171,Why is single-purpose kitchen tools different in Japan?,single-purpose kitchen tools,wisdom,en,,,未確認,,
172,Why is drying racks different in Japan?,drying racks,wisdom,en,,,未確認,,
173,Why is laundry poles different in Japan?,laundry poles,wisdom,en,,,未確認,,
174,Why is indoor drying different in Japan?,indoor drying,wisdom,en,,,未確認,,
175,Why is dehumidifiers different in Japan?,dehumidifiers,wisdom,en,,,未確認,,
176,Why is the rainy season different in Japan?,the rainy season,wisdom,en,,,未確認,,
177,Why is mould prevention different in Japan?,mould prevention,wisdom,en,,制度・安全,未確認,,
178,Why is ventilation habits different in Japan?,ventilation habits,wisdom,en,,,未確認,,
179,Why is cleaning order different in Japan?,cleaning order,wisdom,en,,制度・安全,未確認,,
180,Why is cleaning cloths different in Japan?,cleaning cloths,wisdom,en,,制度・安全,未確認,,
181,Why is newspaper for windows different in Japan?,newspaper for windows,wisdom,en,,,未確認,,
182,Why is baking soda different in Japan?,baking soda,wisdom,en,,,未確認,,
183,Why is citric acid different in Japan?,citric acid,wisdom,en,,,未確認,,
184,Why is the year-end clean different in Japan?,the year-end clean,wisdom,en,,,未確認,,
185,Why is daily tidying different in Japan?,daily tidying,wisdom,en,,,未確認,,
186,Why is the entrance mat different in Japan?,the entrance mat,wisdom,en,,,未確認,,
187,Why is shoe cabinets different in Japan?,shoe cabinets,wisdom,en,,,未確認,,
188,Why is umbrella care different in Japan?,umbrella care,wisdom,en,,,未確認,,
189,Why is seasonal food different in Japan?,seasonal food,wisdom,en,,,未確認,,
190,Why is the concept of shun different in Japan?,the concept of shun,wisdom,en,,,未確認,,
191,Why is dashi different in Japan?,dashi,wisdom,en,,,未確認,,
192,Why is fermentation different in Japan?,fermentation,wisdom,en,,,未確認,,
193,Why is pickling different in Japan?,pickling,wisdom,en,,,未確認,,
194,Why is rice storage different in Japan?,rice storage,wisdom,en,,,未確認,,
195,Why is tea culture different in Japan?,tea culture,wisdom,en,,,未確認,,
196,Why is hot and cold drinks by season different in Japan?,hot and cold drinks by season,wisdom,en,,,未確認,,
197,Why is hand towels different in Japan?,hand towels,wisdom,en,,,未確認,,
198,Why is wet towels at restaurants different in Japan?,wet towels at restaurants,wisdom,en,,,未確認,,
199,Why is gift-giving customs different in Japan?,gift-giving customs,wisdom,en,,制度・安全,未確認,,
200,Why is packaging different in Japan?,packaging,wisdom,en,,,未確認,,
201,Why is seasonal greetings different in Japan?,seasonal greetings,wisdom,en,,,未確認,,
202,Why is the new year different in Japan?,the new year,wisdom,en,,,未確認,,
203,Why is festivals different in Japan?,festivals,wisdom,en,,,未確認,,
204,Why is kotatsu different in Japan?,kotatsu,wisdom,en,,,未確認,,
205,Why is heated carpets different in Japan?,heated carpets,wisdom,en,,,未確認,,
206,Why is hot water bottles different in Japan?,hot water bottles,wisdom,en,,,未確認,,
207,Why is layering clothes different in Japan?,layering clothes,wisdom,en,,,未確認,,
208,Why is cooling towels different in Japan?,cooling towels,wisdom,en,,,未確認,,
209,Why is summer heat habits different in Japan?,summer heat habits,wisdom,en,,,未確認,,
210,Why is insect prevention different in Japan?,insect prevention,wisdom,en,,制度・安全,未確認,,
211,Why is plants indoors different in Japan?,plants indoors,wisdom,en,,,未確認,,
212,Why is balcony gardening different in Japan?,balcony gardening,wisdom,en,,,未確認,,
213,Why is waste separation different in Japan?,waste separation,wisdom,en,,制度・安全,未確認,,
214,Why is local rules different in Japan?,local rules,wisdom,en,,,未確認,,
215,Why is community boards different in Japan?,community boards,wisdom,en,,,未確認,,
216,Why is neighbourhood etiquette different in Japan?,neighbourhood etiquette,wisdom,en,,,未確認,,
217,Why is noise consideration different in Japan?,noise consideration,wisdom,en,,,未確認,,
218,Why is earthquake preparation different in Japan?,earthquake preparation,wisdom,en,,制度・安全,未確認,,
219,Why is emergency bags different in Japan?,emergency bags,wisdom,en,,制度・安全,未確認,,
220,Why is water storage different in Japan?,water storage,wisdom,en,,,未確認,,
221,Why is torches and radios different in Japan?,torches and radios,wisdom,en,,,未確認,,
222,Why is first aid at home different in Japan?,first aid at home,wisdom,en,必須,,未確認,,
223,Why is stockpiling food different in Japan?,stockpiling food,wisdom,en,,,未確認,,
224,Why is rotating supplies different in Japan?,rotating supplies,wisdom,en,,,未確認,,
225,Why is reading a Japanese label different in Japan?,reading a Japanese label,wisdom,en,,,未確認,,
226,Why is product lot numbers different in Japan?,product lot numbers,wisdom,en,,,未確認,,
227,Why is warranty culture different in Japan?,warranty culture,wisdom,en,,,未確認,,
228,Why is repair over replace different in Japan?,repair over replace,wisdom,en,,,未確認,,
229,Do I need to worry about taking shoes off indoors when visiting Japan?,taking shoes off indoors,wisdom,en,,,未確認,,
230,Do I need to worry about the genkan when visiting Japan?,the genkan,wisdom,en,,,未確認,,
231,Do I need to worry about tatami when visiting Japan?,tatami,wisdom,en,,,未確認,,
232,Do I need to worry about futon airing when visiting Japan?,futon airing,wisdom,en,,,未確認,,
233,Do I need to worry about seasonal bedding when visiting Japan?,seasonal bedding,wisdom,en,,,未確認,,
234,Do I need to worry about sliding doors when visiting Japan?,sliding doors,wisdom,en,,,未確認,,
235,Do I need to worry about small apartments when visiting Japan?,small apartments,wisdom,en,,,未確認,,
236,Do I need to worry about storage in narrow spaces when visiting Japan?,storage in narrow spaces,wisdom,en,,,未確認,,
237,Do I need to worry about under-bed storage when visiting Japan?,under-bed storage,wisdom,en,,,未確認,,
238,Do I need to worry about the gap beside the fridge when visiting Japan?,the gap beside the fridge,wisdom,en,,,未確認,,
239,Do I need to worry about vertical storage when visiting Japan?,vertical storage,wisdom,en,,,未確認,,
240,Do I need to worry about seasonal clothing rotation when visiting Japan?,seasonal clothing rotation,wisdom,en,,,未確認,,
241,Do I need to worry about refill packs when visiting Japan?,refill packs,wisdom,en,,,未確認,,
242,Do I need to worry about reusable cloth when visiting Japan?,reusable cloth,wisdom,en,,,未確認,,
243,Do I need to worry about furoshiki when visiting Japan?,furoshiki,wisdom,en,,,未確認,,
244,Do I need to worry about tenugui when visiting Japan?,tenugui,wisdom,en,,,未確認,,
245,Do I need to worry about bento boxes when visiting Japan?,bento boxes,wisdom,en,,,未確認,,
246,Do I need to worry about chopstick rests when visiting Japan?,chopstick rests,wisdom,en,,,未確認,,
247,Do I need to worry about single-purpose kitchen tools when visiting Japan?,single-purpose kitchen tools,wisdom,en,,,未確認,,
248,Do I need to worry about drying racks when visiting Japan?,drying racks,wisdom,en,,,未確認,,
249,Do I need to worry about laundry poles when visiting Japan?,laundry poles,wisdom,en,,,未確認,,
250,Do I need to worry about indoor drying when visiting Japan?,indoor drying,wisdom,en,,,未確認,,
251,Do I need to worry about dehumidifiers when visiting Japan?,dehumidifiers,wisdom,en,,,未確認,,
252,Do I need to worry about the rainy season when visiting Japan?,the rainy season,wisdom,en,,,未確認,,
253,Do I need to worry about mould prevention when visiting Japan?,mould prevention,wisdom,en,,制度・安全,未確認,,
254,Do I need to worry about ventilation habits when visiting Japan?,ventilation habits,wisdom,en,,,未確認,,
255,Do I need to worry about cleaning order when visiting Japan?,cleaning order,wisdom,en,,制度・安全,未確認,,
256,Do I need to worry about cleaning cloths when visiting Japan?,cleaning cloths,wisdom,en,,制度・安全,未確認,,
257,Do I need to worry about newspaper for windows when visiting Japan?,newspaper for windows,wisdom,en,,,未確認,,
258,Do I need to worry about baking soda when visiting Japan?,baking soda,wisdom,en,,,未確認,,
259,Do I need to worry about citric acid when visiting Japan?,citric acid,wisdom,en,,,未確認,,
260,Do I need to worry about the year-end clean when visiting Japan?,the year-end clean,wisdom,en,,,未確認,,
261,Do I need to worry about daily tidying when visiting Japan?,daily tidying,wisdom,en,,,未確認,,
262,Do I need to worry about the entrance mat when visiting Japan?,the entrance mat,wisdom,en,,,未確認,,
263,Do I need to worry about shoe cabinets when visiting Japan?,shoe cabinets,wisdom,en,,,未確認,,
264,Do I need to worry about umbrella care when visiting Japan?,umbrella care,wisdom,en,,,未確認,,
265,Do I need to worry about seasonal food when visiting Japan?,seasonal food,wisdom,en,,,未確認,,
266,Do I need to worry about the concept of shun when visiting Japan?,the concept of shun,wisdom,en,,,未確認,,
267,Do I need to worry about dashi when visiting Japan?,dashi,wisdom,en,,,未確認,,
268,Do I need to worry about fermentation when visiting Japan?,fermentation,wisdom,en,,,未確認,,
269,Do I need to worry about pickling when visiting Japan?,pickling,wisdom,en,,,未確認,,
270,Do I need to worry about rice storage when visiting Japan?,rice storage,wisdom,en,,,未確認,,
271,Do I need to worry about tea culture when visiting Japan?,tea culture,wisdom,en,,,未確認,,
272,Do I need to worry about hot and cold drinks by season when visiting Japan?,hot and cold drinks by season,wisdom,en,,,未確認,,
273,Do I need to worry about hand towels when visiting Japan?,hand towels,wisdom,en,,,未確認,,
274,Do I need to worry about wet towels at restaurants when visiting Japan?,wet towels at restaurants,wisdom,en,,,未確認,,
275,Do I need to worry about gift-giving customs when visiting Japan?,gift-giving customs,wisdom,en,,制度・安全,未確認,,
276,Do I need to worry about packaging when visiting Japan?,packaging,wisdom,en,,,未確認,,
277,Do I need to worry about seasonal greetings when visiting Japan?,seasonal greetings,wisdom,en,,,未確認,,
278,Do I need to worry about the new year when visiting Japan?,the new year,wisdom,en,,,未確認,,
279,Do I need to worry about festivals when visiting Japan?,festivals,wisdom,en,,,未確認,,
280,Do I need to worry about kotatsu when visiting Japan?,kotatsu,wisdom,en,,,未確認,,
281,Do I need to worry about heated carpets when visiting Japan?,heated carpets,wisdom,en,,,未確認,,
282,Do I need to worry about hot water bottles when visiting Japan?,hot water bottles,wisdom,en,,,未確認,,
283,Do I need to worry about layering clothes when visiting Japan?,layering clothes,wisdom,en,,,未確認,,
284,Do I need to worry about cooling towels when visiting Japan?,cooling towels,wisdom,en,,,未確認,,
285,Do I need to worry about summer heat habits when visiting Japan?,summer heat habits,wisdom,en,,,未確認,,
286,Do I need to worry about insect prevention when visiting Japan?,insect prevention,wisdom,en,,制度・安全,未確認,,
287,Do I need to worry about plants indoors when visiting Japan?,plants indoors,wisdom,en,,,未確認,,
288,Do I need to worry about balcony gardening when visiting Japan?,balcony gardening,wisdom,en,,,未確認,,
289,Do I need to worry about waste separation when visiting Japan?,waste separation,wisdom,en,,制度・安全,未確認,,
290,Do I need to worry about local rules when visiting Japan?,local rules,wisdom,en,,,未確認,,
291,Do I need to worry about community boards when visiting Japan?,community boards,wisdom,en,,,未確認,,
292,Do I need to worry about neighbourhood etiquette when visiting Japan?,neighbourhood etiquette,wisdom,en,,,未確認,,
293,Do I need to worry about noise consideration when visiting Japan?,noise consideration,wisdom,en,,,未確認,,
294,Do I need to worry about earthquake preparation when visiting Japan?,earthquake preparation,wisdom,en,,制度・安全,未確認,,
295,Do I need to worry about emergency bags when visiting Japan?,emergency bags,wisdom,en,,制度・安全,未確認,,
296,Do I need to worry about water storage when visiting Japan?,water storage,wisdom,en,,,未確認,,
297,Do I need to worry about torches and radios when visiting Japan?,torches and radios,wisdom,en,,,未確認,,
298,Do I need to worry about first aid at home when visiting Japan?,first aid at home,wisdom,en,必須,,未確認,,
299,Do I need to worry about stockpiling food when visiting Japan?,stockpiling food,wisdom,en,,,未確認,,
300,Do I need to worry about rotating supplies when visiting Japan?,rotating supplies,wisdom,en,,,未確認,,
301,Do I need to worry about reading a Japanese label when visiting Japan?,reading a Japanese label,wisdom,en,,,未確認,,
302,Do I need to worry about product lot numbers when visiting Japan?,product lot numbers,wisdom,en,,,未確認,,
303,Do I need to worry about warranty culture when visiting Japan?,warranty culture,wisdom,en,,,未確認,,
304,Do I need to worry about repair over replace when visiting Japan?,repair over replace,wisdom,en,,,未確認,,
305,What do people in Japan actually do about taking shoes off indoors?,taking shoes off indoors,wisdom,en,,,未確認,,
306,What do people in Japan actually do about the genkan?,the genkan,wisdom,en,,,未確認,,
307,What do people in Japan actually do about tatami?,tatami,wisdom,en,,,未確認,,
308,What do people in Japan actually do about futon airing?,futon airing,wisdom,en,,,未確認,,
309,What do people in Japan actually do about seasonal bedding?,seasonal bedding,wisdom,en,,,未確認,,
310,What do people in Japan actually do about sliding doors?,sliding doors,wisdom,en,,,未確認,,
311,What do people in Japan actually do about small apartments?,small apartments,wisdom,en,,,未確認,,
312,What do people in Japan actually do about storage in narrow spaces?,storage in narrow spaces,wisdom,en,,,未確認,,
313,What do people in Japan actually do about under-bed storage?,under-bed storage,wisdom,en,,,未確認,,
314,What do people in Japan actually do about the gap beside the fridge?,the gap beside the fridge,wisdom,en,,,未確認,,
315,What do people in Japan actually do about vertical storage?,vertical storage,wisdom,en,,,未確認,,
316,What do people in Japan actually do about seasonal clothing rotation?,seasonal clothing rotation,wisdom,en,,,未確認,,
317,What do people in Japan actually do about refill packs?,refill packs,wisdom,en,,,未確認,,
318,What do people in Japan actually do about reusable cloth?,reusable cloth,wisdom,en,,,未確認,,
319,What do people in Japan actually do about furoshiki?,furoshiki,wisdom,en,,,未確認,,
320,What do people in Japan actually do about tenugui?,tenugui,wisdom,en,,,未確認,,
321,What do people in Japan actually do about bento boxes?,bento boxes,wisdom,en,,,未確認,,
322,What do people in Japan actually do about chopstick rests?,chopstick rests,wisdom,en,,,未確認,,
323,What do people in Japan actually do about single-purpose kitchen tools?,single-purpose kitchen tools,wisdom,en,,,未確認,,
324,What do people in Japan actually do about drying racks?,drying racks,wisdom,en,,,未確認,,
325,What do people in Japan actually do about laundry poles?,laundry poles,wisdom,en,,,未確認,,
326,What do people in Japan actually do about indoor drying?,indoor drying,wisdom,en,,,未確認,,
327,What do people in Japan actually do about dehumidifiers?,dehumidifiers,wisdom,en,,,未確認,,
328,What do people in Japan actually do about the rainy season?,the rainy season,wisdom,en,,,未確認,,
329,What do people in Japan actually do about mould prevention?,mould prevention,wisdom,en,,制度・安全,未確認,,
330,What do people in Japan actually do about ventilation habits?,ventilation habits,wisdom,en,,,未確認,,
331,What do people in Japan actually do about cleaning order?,cleaning order,wisdom,en,,制度・安全,未確認,,
332,What do people in Japan actually do about cleaning cloths?,cleaning cloths,wisdom,en,,制度・安全,未確認,,
333,What do people in Japan actually do about newspaper for windows?,newspaper for windows,wisdom,en,,,未確認,,
334,What do people in Japan actually do about baking soda?,baking soda,wisdom,en,,,未確認,,
335,What do people in Japan actually do about citric acid?,citric acid,wisdom,en,,,未確認,,
336,What do people in Japan actually do about the year-end clean?,the year-end clean,wisdom,en,,,未確認,,
337,What do people in Japan actually do about daily tidying?,daily tidying,wisdom,en,,,未確認,,
338,What do people in Japan actually do about the entrance mat?,the entrance mat,wisdom,en,,,未確認,,
339,What do people in Japan actually do about shoe cabinets?,shoe cabinets,wisdom,en,,,未確認,,
340,What do people in Japan actually do about umbrella care?,umbrella care,wisdom,en,,,未確認,,
341,What do people in Japan actually do about seasonal food?,seasonal food,wisdom,en,,,未確認,,
342,What do people in Japan actually do about the concept of shun?,the concept of shun,wisdom,en,,,未確認,,
343,What do people in Japan actually do about dashi?,dashi,wisdom,en,,,未確認,,
344,What do people in Japan actually do about fermentation?,fermentation,wisdom,en,,,未確認,,
345,What do people in Japan actually do about pickling?,pickling,wisdom,en,,,未確認,,
346,What do people in Japan actually do about rice storage?,rice storage,wisdom,en,,,未確認,,
347,What do people in Japan actually do about tea culture?,tea culture,wisdom,en,,,未確認,,
348,What do people in Japan actually do about hot and cold drinks by season?,hot and cold drinks by season,wisdom,en,,,未確認,,
349,What do people in Japan actually do about hand towels?,hand towels,wisdom,en,,,未確認,,
350,What do people in Japan actually do about wet towels at restaurants?,wet towels at restaurants,wisdom,en,,,未確認,,
351,What do people in Japan actually do about gift-giving customs?,gift-giving customs,wisdom,en,,制度・安全,未確認,,
352,What do people in Japan actually do about packaging?,packaging,wisdom,en,,,未確認,,
353,What do people in Japan actually do about seasonal greetings?,seasonal greetings,wisdom,en,,,未確認,,
354,What do people in Japan actually do about the new year?,the new year,wisdom,en,,,未確認,,
355,What do people in Japan actually do about festivals?,festivals,wisdom,en,,,未確認,,
356,What do people in Japan actually do about kotatsu?,kotatsu,wisdom,en,,,未確認,,
357,What do people in Japan actually do about heated carpets?,heated carpets,wisdom,en,,,未確認,,
358,What do people in Japan actually do about hot water bottles?,hot water bottles,wisdom,en,,,未確認,,
359,What do people in Japan actually do about layering clothes?,layering clothes,wisdom,en,,,未確認,,
360,What do people in Japan actually do about cooling towels?,cooling towels,wisdom,en,,,未確認,,
361,What do people in Japan actually do about summer heat habits?,summer heat habits,wisdom,en,,,未確認,,
362,What do people in Japan actually do about insect prevention?,insect prevention,wisdom,en,,制度・安全,未確認,,
363,What do people in Japan actually do about plants indoors?,plants indoors,wisdom,en,,,未確認,,
364,What do people in Japan actually do about balcony gardening?,balcony gardening,wisdom,en,,,未確認,,
365,What do people in Japan actually do about waste separation?,waste separation,wisdom,en,,制度・安全,未確認,,
366,What do people in Japan actually do about local rules?,local rules,wisdom,en,,,未確認,,
367,What do people in Japan actually do about community boards?,community boards,wisdom,en,,,未確認,,
368,What do people in Japan actually do about neighbourhood etiquette?,neighbourhood etiquette,wisdom,en,,,未確認,,
369,What do people in Japan actually do about noise consideration?,noise consideration,wisdom,en,,,未確認,,
370,What do people in Japan actually do about earthquake preparation?,earthquake preparation,wisdom,en,,制度・安全,未確認,,
371,What do people in Japan actually do about emergency bags?,emergency bags,wisdom,en,,制度・安全,未確認,,
372,What do people in Japan actually do about water storage?,water storage,wisdom,en,,,未確認,,
373,What do people in Japan actually do about torches and radios?,torches and radios,wisdom,en,,,未確認,,
374,What do people in Japan actually do about first aid at home?,first aid at home,wisdom,en,必須,,未確認,,
375,What do people in Japan actually do about stockpiling food?,stockpiling food,wisdom,en,,,未確認,,
376,What do people in Japan actually do about rotating supplies?,rotating supplies,wisdom,en,,,未確認,,
377,What do people in Japan actually do about reading a Japanese label?,reading a Japanese label,wisdom,en,,,未確認,,
378,What do people in Japan actually do about product lot numbers?,product lot numbers,wisdom,en,,,未確認,,
379,What do people in Japan actually do about warranty culture?,warranty culture,wisdom,en,,,未確認,,
380,What do people in Japan actually do about repair over replace?,repair over replace,wisdom,en,,,未確認,,
381,Is taking shoes off indoors worth the trouble in Japan?,taking shoes off indoors,wisdom,en,,,未確認,,
382,Is the genkan worth the trouble in Japan?,the genkan,wisdom,en,,,未確認,,
383,Is tatami worth the trouble in Japan?,tatami,wisdom,en,,,未確認,,
384,Is futon airing worth the trouble in Japan?,futon airing,wisdom,en,,,未確認,,
385,Is seasonal bedding worth the trouble in Japan?,seasonal bedding,wisdom,en,,,未確認,,
386,Is sliding doors worth the trouble in Japan?,sliding doors,wisdom,en,,,未確認,,
387,Is small apartments worth the trouble in Japan?,small apartments,wisdom,en,,,未確認,,
388,Is storage in narrow spaces worth the trouble in Japan?,storage in narrow spaces,wisdom,en,,,未確認,,
389,Is under-bed storage worth the trouble in Japan?,under-bed storage,wisdom,en,,,未確認,,
390,Is the gap beside the fridge worth the trouble in Japan?,the gap beside the fridge,wisdom,en,,,未確認,,
391,Is vertical storage worth the trouble in Japan?,vertical storage,wisdom,en,,,未確認,,
392,Is seasonal clothing rotation worth the trouble in Japan?,seasonal clothing rotation,wisdom,en,,,未確認,,
393,Is refill packs worth the trouble in Japan?,refill packs,wisdom,en,,,未確認,,
394,Is reusable cloth worth the trouble in Japan?,reusable cloth,wisdom,en,,,未確認,,
395,Is furoshiki worth the trouble in Japan?,furoshiki,wisdom,en,,,未確認,,
396,Is tenugui worth the trouble in Japan?,tenugui,wisdom,en,,,未確認,,
397,Is bento boxes worth the trouble in Japan?,bento boxes,wisdom,en,,,未確認,,
398,Is chopstick rests worth the trouble in Japan?,chopstick rests,wisdom,en,,,未確認,,
399,Is single-purpose kitchen tools worth the trouble in Japan?,single-purpose kitchen tools,wisdom,en,,,未確認,,
400,Is drying racks worth the trouble in Japan?,drying racks,wisdom,en,,,未確認,,
401,Is laundry poles worth the trouble in Japan?,laundry poles,wisdom,en,,,未確認,,
402,Is indoor drying worth the trouble in Japan?,indoor drying,wisdom,en,,,未確認,,
403,Is dehumidifiers worth the trouble in Japan?,dehumidifiers,wisdom,en,,,未確認,,
404,Is the rainy season worth the trouble in Japan?,the rainy season,wisdom,en,,,未確認,,
405,Is mould prevention worth the trouble in Japan?,mould prevention,wisdom,en,,制度・安全,未確認,,
406,Is ventilation habits worth the trouble in Japan?,ventilation habits,wisdom,en,,,未確認,,
407,Is cleaning order worth the trouble in Japan?,cleaning order,wisdom,en,,制度・安全,未確認,,
408,Is cleaning cloths worth the trouble in Japan?,cleaning cloths,wisdom,en,,制度・安全,未確認,,
409,Is newspaper for windows worth the trouble in Japan?,newspaper for windows,wisdom,en,,,未確認,,
410,Is baking soda worth the trouble in Japan?,baking soda,wisdom,en,,,未確認,,
411,Is citric acid worth the trouble in Japan?,citric acid,wisdom,en,,,未確認,,
412,Is the year-end clean worth the trouble in Japan?,the year-end clean,wisdom,en,,,未確認,,
413,Is daily tidying worth the trouble in Japan?,daily tidying,wisdom,en,,,未確認,,
414,Is the entrance mat worth the trouble in Japan?,the entrance mat,wisdom,en,,,未確認,,
415,Is shoe cabinets worth the trouble in Japan?,shoe cabinets,wisdom,en,,,未確認,,
416,Is umbrella care worth the trouble in Japan?,umbrella care,wisdom,en,,,未確認,,
417,Is seasonal food worth the trouble in Japan?,seasonal food,wisdom,en,,,未確認,,
418,Is the concept of shun worth the trouble in Japan?,the concept of shun,wisdom,en,,,未確認,,
419,Is dashi worth the trouble in Japan?,dashi,wisdom,en,,,未確認,,
420,Is fermentation worth the trouble in Japan?,fermentation,wisdom,en,,,未確認,,
421,Is pickling worth the trouble in Japan?,pickling,wisdom,en,,,未確認,,
422,Is rice storage worth the trouble in Japan?,rice storage,wisdom,en,,,未確認,,
423,Is tea culture worth the trouble in Japan?,tea culture,wisdom,en,,,未確認,,
424,Is hot and cold drinks by season worth the trouble in Japan?,hot and cold drinks by season,wisdom,en,,,未確認,,
425,Is hand towels worth the trouble in Japan?,hand towels,wisdom,en,,,未確認,,
426,Is wet towels at restaurants worth the trouble in Japan?,wet towels at restaurants,wisdom,en,,,未確認,,
427,Is gift-giving customs worth the trouble in Japan?,gift-giving customs,wisdom,en,,制度・安全,未確認,,
428,Is packaging worth the trouble in Japan?,packaging,wisdom,en,,,未確認,,
429,Is seasonal greetings worth the trouble in Japan?,seasonal greetings,wisdom,en,,,未確認,,
430,Is the new year worth the trouble in Japan?,the new year,wisdom,en,,,未確認,,
431,Is festivals worth the trouble in Japan?,festivals,wisdom,en,,,未確認,,
432,Is kotatsu worth the trouble in Japan?,kotatsu,wisdom,en,,,未確認,,
433,Is heated carpets worth the trouble in Japan?,heated carpets,wisdom,en,,,未確認,,
434,Is hot water bottles worth the trouble in Japan?,hot water bottles,wisdom,en,,,未確認,,
435,Is layering clothes worth the trouble in Japan?,layering clothes,wisdom,en,,,未確認,,
436,Is cooling towels worth the trouble in Japan?,cooling towels,wisdom,en,,,未確認,,
437,Is summer heat habits worth the trouble in Japan?,summer heat habits,wisdom,en,,,未確認,,
438,Is insect prevention worth the trouble in Japan?,insect prevention,wisdom,en,,制度・安全,未確認,,
439,Is plants indoors worth the trouble in Japan?,plants indoors,wisdom,en,,,未確認,,
440,Is balcony gardening worth the trouble in Japan?,balcony gardening,wisdom,en,,,未確認,,
441,Is waste separation worth the trouble in Japan?,waste separation,wisdom,en,,制度・安全,未確認,,
442,Is local rules worth the trouble in Japan?,local rules,wisdom,en,,,未確認,,
443,Is community boards worth the trouble in Japan?,community boards,wisdom,en,,,未確認,,
444,Is neighbourhood etiquette worth the trouble in Japan?,neighbourhood etiquette,wisdom,en,,,未確認,,
445,Is noise consideration worth the trouble in Japan?,noise consideration,wisdom,en,,,未確認,,
446,Is earthquake preparation worth the trouble in Japan?,earthquake preparation,wisdom,en,,制度・安全,未確認,,
447,Is emergency bags worth the trouble in Japan?,emergency bags,wisdom,en,,制度・安全,未確認,,
448,Is water storage worth the trouble in Japan?,water storage,wisdom,en,,,未確認,,
449,Is torches and radios worth the trouble in Japan?,torches and radios,wisdom,en,,,未確認,,
450,Is first aid at home worth the trouble in Japan?,first aid at home,wisdom,en,必須,,未確認,,
451,Is stockpiling food worth the trouble in Japan?,stockpiling food,wisdom,en,,,未確認,,
452,Is rotating supplies worth the trouble in Japan?,rotating supplies,wisdom,en,,,未確認,,
453,Is reading a Japanese label worth the trouble in Japan?,reading a Japanese label,wisdom,en,,,未確認,,
454,Is product lot numbers worth the trouble in Japan?,product lot numbers,wisdom,en,,,未確認,,
455,Is warranty culture worth the trouble in Japan?,warranty culture,wisdom,en,,,未確認,,
456,Is repair over replace worth the trouble in Japan?,repair over replace,wisdom,en,,,未確認,,
457,How do I read taking shoes off indoors correctly?,taking shoes off indoors,wisdom,en,,,未確認,,
458,How do I read the genkan correctly?,the genkan,wisdom,en,,,未確認,,
459,How do I read tatami correctly?,tatami,wisdom,en,,,未確認,,
460,How do I read futon airing correctly?,futon airing,wisdom,en,,,未確認,,
461,How do I read seasonal bedding correctly?,seasonal bedding,wisdom,en,,,未確認,,
462,How do I read sliding doors correctly?,sliding doors,wisdom,en,,,未確認,,
463,How do I read small apartments correctly?,small apartments,wisdom,en,,,未確認,,
464,How do I read storage in narrow spaces correctly?,storage in narrow spaces,wisdom,en,,,未確認,,
465,How do I read under-bed storage correctly?,under-bed storage,wisdom,en,,,未確認,,
466,How do I read the gap beside the fridge correctly?,the gap beside the fridge,wisdom,en,,,未確認,,
467,How do I read vertical storage correctly?,vertical storage,wisdom,en,,,未確認,,
468,How do I read seasonal clothing rotation correctly?,seasonal clothing rotation,wisdom,en,,,未確認,,
469,How do I read refill packs correctly?,refill packs,wisdom,en,,,未確認,,
470,How do I read reusable cloth correctly?,reusable cloth,wisdom,en,,,未確認,,
471,How do I read furoshiki correctly?,furoshiki,wisdom,en,,,未確認,,
472,How do I read tenugui correctly?,tenugui,wisdom,en,,,未確認,,
473,How do I read bento boxes correctly?,bento boxes,wisdom,en,,,未確認,,
474,How do I read chopstick rests correctly?,chopstick rests,wisdom,en,,,未確認,,
475,How do I read single-purpose kitchen tools correctly?,single-purpose kitchen tools,wisdom,en,,,未確認,,
476,How do I read drying racks correctly?,drying racks,wisdom,en,,,未確認,,
477,How do I read laundry poles correctly?,laundry poles,wisdom,en,,,未確認,,
478,How do I read indoor drying correctly?,indoor drying,wisdom,en,,,未確認,,
479,How do I read dehumidifiers correctly?,dehumidifiers,wisdom,en,,,未確認,,
480,How do I read the rainy season correctly?,the rainy season,wisdom,en,,,未確認,,
481,How do I read mould prevention correctly?,mould prevention,wisdom,en,,制度・安全,未確認,,
482,How do I read ventilation habits correctly?,ventilation habits,wisdom,en,,,未確認,,
483,How do I read cleaning order correctly?,cleaning order,wisdom,en,,制度・安全,未確認,,
484,How do I read cleaning cloths correctly?,cleaning cloths,wisdom,en,,制度・安全,未確認,,
485,How do I read newspaper for windows correctly?,newspaper for windows,wisdom,en,,,未確認,,
486,How do I read baking soda correctly?,baking soda,wisdom,en,,,未確認,,
487,How do I read citric acid correctly?,citric acid,wisdom,en,,,未確認,,
488,How do I read the year-end clean correctly?,the year-end clean,wisdom,en,,,未確認,,
489,How do I read daily tidying correctly?,daily tidying,wisdom,en,,,未確認,,
490,How do I read the entrance mat correctly?,the entrance mat,wisdom,en,,,未確認,,
491,How do I read shoe cabinets correctly?,shoe cabinets,wisdom,en,,,未確認,,
492,How do I read umbrella care correctly?,umbrella care,wisdom,en,,,未確認,,
493,How do I read seasonal food correctly?,seasonal food,wisdom,en,,,未確認,,
494,How do I read the concept of shun correctly?,the concept of shun,wisdom,en,,,未確認,,
495,How do I read dashi correctly?,dashi,wisdom,en,,,未確認,,
496,How do I read fermentation correctly?,fermentation,wisdom,en,,,未確認,,
497,How do I read pickling correctly?,pickling,wisdom,en,,,未確認,,
498,How do I read rice storage correctly?,rice storage,wisdom,en,,,未確認,,
499,How do I read tea culture correctly?,tea culture,wisdom,en,,,未確認,,
500,How do I read hot and cold drinks by season correctly?,hot and cold drinks by season,wisdom,en,,,未確認,,
